JobTitle,Number of staff,Percentage
Director,3,0.048387097
Engineer,12,0.193548387
Analyst ,4,0.064516129
Sales,16,0.258064516
Programmer,9,0.14516129
Tester,5,0.080645161
Clerical,13,0.209677419
,62,
